10 23,1023
10 23rd,1023
10^ 23,1023
10^23,1023
1 g,1_gram
1gram,1_gram
1g,1_gram
1 mole,1_mole
1mole,1_mole
12amu,12 amu
12c,12 c
12 g,12_gram
12g,12_gram
12 gram,12_gram
12gram,12_gram
12 mole,12_mole
13 g,13_gram
13g,13_gram
13 gram,13_gram
16 g,16_gram
16g,16_gram
16 gram,16_gram
16gram,16_gram
16x 1027kg,16_x_1027kg
2 milligram,2_milligram
2milligram,2_milligram
200 ohm,200_ohm
23 g,23_gram
23g,23_gram
23 gram,23_gram
23gram,23_gram
3j,3_joule
300 ohm,300_ohm
32 gram,32_gram
32gram,32_gram
32 g,32_gram
32g,32_gram
321g,321_gram
321 g,321_gram
321gram,321_gram
321 gram,321_gram
4 g,4_gram
4gram,4_gram
4 gram,4_gram
4g,4_gram
56gram,56_gram
56 gram,56_gram
56 g,56_gram
56g,56_gram
57 g,57_gram
57 gram,57_gram
6 neutron,6_neutron
6x1023,6_x_1023
602 1023,602_x_1023
602x1023,602_x_1023
6022 1023,6022_x_1022
6.022 * 10 23,6022_x_1023
6.022 * 10^23,6022_x_1023
6.022 * 1023,6022_x_1023
6.022 x 10 23,6022_x_1023
6.022 x 10^23,6022_x_1023
6.022 x 1023,6022_x_1023
6.022*10 23,6022_x_1023
6.022*10^23,6022_x_1023
6.022*1023,6022_x_1023
6.022x10 23,6022_x_1023
6.022x10^23,6022_x_1023
6.022x1023,6022_x_1023
6022 * 10 23,6022_x_1023
6022 * 10^23,6022_x_1023
6022 * 1023,6022_x_1023
6022 1023,6022_x_1023
6022 x 10 23,6022_x_1023
6022 x 10^23,6022_x_1023
6022 x 1023,6022_x_1023
6022*10 23,6022_x_1023
6022*10^23,6022_x_1023
6022*1023,6022_x_1023
6022x10 23,6022_x_1023
6022x10^23,6022_x_1023
6022x1023,6022_x_1023
8th grade,8th_grade
A Level,a_level
A level,a_level
ALevel,a_level
Alevel,a_level
Abilities,ability
abilities,ability
Ability,ability
ability,ability
absorb,absorption
absorption,absorption
Abstraction,abstraction
abstraction,abstraction
Abstractions,abstraction
abstractions,abstraction
access,access
accuracy,accuracy
accurate,accuracy
ace,amazing
acids,acid
Acid,acid
acid,acid
acoustic principle,acoustic_principle
acoustic principles,acoustic_principle
act,acting
acting,acting
acts,acting
active,active
activly,active
active transport,active_transport
actively,activity
Activities,activity
activities,activity
Activity,activity
activity,activity
adapter,adapter
advance,advancement
advance state,advancement
advanced,advancement
advancement,advancement
advances,advancement
enhance,advancement
enhancement,advancement
progression,advancement
advantage,advantage
advantages,advantage
agree,agreeing
agreed,agreeing
agreeing,agreeing
agrees,agreeing
Air Resistance,air_resistance
Air resistance,air_resistance
air resistance,air_resistance
Algebra,algebra
algebra,algebra
algorithm,algorithm
algorithms,algorithm
Alien Knowledge,alien_knowledge
Alien knowledge,alien_knowledge
alien knowledge,alien_knowledge
Allele,allele
allele,allele
Alleles,allele
alleles,allele
al,aluminium
Al,aluminium
aluminum,aluminium
amazing,amazing
aahhhmaaaaazzzzzinnnggggggg,amazing
amaze,amazing
amazon search,amazon_search
Amino Acid,amino_acid
Amino acid,amino_acid
amino acid,amino_acid
Amino Acids,amino_acid
Amino acids,amino_acid
amino acids,amino_acid
ammeter,ammeter
ammeters,ammeter
ammonia,ammonia
NH3,ammonia
nh3,ammonia
Amount,amount
amount,amount
amount atom,amount_of_atoms
amount substance,amount_of_substance
atom mass unit,amu
atomic mass unit,amu
amu weigh,amu_weight
amu weight,amu_weight
analysis,analysis
Analysis,analysis
analytic,analysis
analytic,analytics
Analytics,analytics
analytics,analytics
animation,animation
annotatation,annotation
annotatations,annotation
annotate,annotation
annotated,annotation
annotates,annotation
Annotation,annotation
Annotations,annotation
answer,answer
answers,answer
Anthrometric thinking,anthrometric_thinking
anthrometric thinking,anthrometric_thinking
appearance,appearance
Apple,apple
application,application
Application,application
applications,application
Applications,application
apply,application
Applied Science,applied_sciences
applied science,applied_sciences
Applied Sciences,applied_sciences
applied sciences,applied_sciences
appreciate that,appreciate
i appreciate,appreciate
approach,approach
approaches,approach
architecture,architecture
area,area
areas,area
Arithmetic,arithmetic
arithmetic,arithmetic
artefact,artefact
Artefact,artefact
Artifact,artefact
artifact,artefact
Artifacts,artefact
artifacts,artefact
Artefacts,artefact
artefacts,artefact
productartefact,artefact
articulate,articulation
articulation,articulation
Artificial Intelligence,artificial_intelligence
artificial intelligence,artificial_intelligence
Artigue,Artigue
artigue,Artigue
art,arts
Art,arts
Arts,arts
arts,arts
electroacoustic art,arts
popular art,arts
visual arts,arts
Western Art,arts
Western art,arts
western art,arts
ask,asking
asked,asking
asking,asking
asks,asking
assess,assessment
Assessment,assessment
assessment,assessment
Assignment,assignment
assignment,assignment
Associated calculation,associated_calculations
associated calculation,associated_calculations
Associated Calculations,associated_calculations
associated calculations,associated_calculations
assumption,assumption
assumptions,assumption
Key assumption,assumption
key assumption,assumption
Key assumptions,assumption
key assumptions,assumption
asynchronous,asynchronous
at school,at_school
atom,atom
atoms,atom
atom surfac,atom_surface
atom weigh,atom_weight
atom weight,atom_weight
atom mass,atomar_mass
atomic,atomic
amu,amu
atomic number,amu
Attendee,attendee
attendee,attendee
Attendees,attendee
attendees,attendee
be attract,attracted
attract,attracting
attracted,attracting
attracting,attracting
attracting attention,attracts_attention
attract attention,attracts_attention
draw enough attention,attracts_attention
good technique attract interest,attracts_attention
atomic number,atomic_number
audio,audio
Audio,audio
sound,audio
ad audio,audio_missed
ad maybe some audio,audio_missed
downside be ad audio,audio_missed
lack audio,audio_missed
little audio be fill gap,audio_missed
mis also audio,audio_missed
miss also audio,audio_missed
not include sound,audio_missed
some audio be have be nice,audio_missed
sound be miss,audio_missed
audio recorder,audio_recorder
author,author
authors,author
automate,automated
automated,automated
automatic,automated
automatically,automated
average,average
avocado number,avocado_number
avagadros,avogadro
avagadro,avogadro
avogado,avogadro
Avogadro,avogadro
Avogadros,avogadro
avogadro constant,avogadro_constant
avagadro number,avogadros_number
avogado number,avogadros_number
avogadro number,avogadros_number
avocado number,avogadros_number
Avogadro’s number,avogadros_number
Avogadro’s Number,avogadros_number
avogadro’s number,avogadros_number
Avogadros number,avogadros_number
Avogadros Number,avogadros_number
avogadros number,avogadros_number
aware,awareness
awareness,awareness
awesome vid,awesome_video
background noise,background_noise
dialogue be not perfectly,bad_explanation
do not understand the explanation,bad_explanation
explanation be be better,bad_explanation
explanation be be nice,bad_explanation
explanation be too light ,bad_explanation
explanation bite poor,bad_explanation
explanation on subject not too clear,bad_explanation
have miss little deeper in explanation,bad_explanation
lose bite explanation,bad_explanation
perhaps little explanation,bad_explanation
better realization,bad_performance
downside be be quality,bad_quality
little poor in quality,bad_quality
only downside be poor quality,bad_quality
only downside be quality,bad_quality
penalty video quality,bad_quality
poor quality image,bad_quality
quality be bit go down,bad_quality
quality be bite poor,bad_quality
shame about quality,bad_quality
Baker,Baker
Ball,ball
ball,ball
balls,ball
ball different size,balls_of_different_sizes 
ball of different size,balls_of_different_sizes 
balls different size,balls_of_different_sizes 
balls different sizes ,balls_of_different_sizes 
balls of different size,balls_of_different_sizes 
balls of different sizes ,balls_of_different_sizes 
baroque,baroque
barrier,barrier
base,base
Base,base
Bases,base
bases,base
Basically,basis
basically,basis
batteries,battery
battery,battery
Behaviour,behaviour
behaviour,behaviour
Beliefs,belief
beliefs,belief
belief,belief
benefit,benefit
best teacher,best_teacher
much better,good
bias,bias
biased,bias
big,big
bigger,big
bio,biology
biological,biology
biology,biology
Biology,biology
Biology ,biology
PostBiology,biology
bite,bite
bites,bite
block,block
blocks,block
Blog,blog
blog,blog
Blogs,blog
blogs,blog
blood,blood
Blood,blood
blood cell,blood_cell
blood cells,blood_cell
blue,blue
Bluetooth,bluetooth
boar,boar
bodies,body
body,body
human body,body
book,book
books,book
bore,boring
doe more bore,boring
bottom,bottom
Bounded,bond
bounded,bond
box,box
boy,boy
boys,boy
break,breaking
breaked,breaking
breaking,breaking
breaks,breaking
Broadcast,broadcasting
broadcast,broadcasting
Broadcasting,broadcasting
broadcasting,broadcasting
bulb,bulb
bulbs,bulb
Burr,Burr
calculate mole,calculate_mole
calculate number,calculate_number
calculate,calculation
calculation,calculation
calculations,calculation
Call,call
call,call
camera,camera
cant post,cant_post
cant remember,cant_remember
cant teach,cant_teach
Carbon,carbon
carbon,carbon
carbon12,carbon
carbon dioxid,carbon_dioxide
Co2,carbon_dioxide
co2,carbon_dioxide
CO2,carbon_dioxide
carbon trioxide,carbon_trioxide
Co3,carbon_trioxide
co3,carbon_trioxide
CO3,carbon_trioxide
carrier protein,carrier_protein
case,case
cases,case
causal,causal
Causal,causal
Causal reasoning,causal_reasoning
causal reasoning,causal_reasoning
Cell,cell
cell,cell
Cells,cell
cells,cell
cell function,cell_function
Cell Membrane,cell_membrane
Cell membrane,cell_membrane
cell membrane,cell_membrane
Cell Membranes,cell_membrane
Cell membranes,cell_membrane
cell membranes,cell_membrane
cell wall,cell_membrane
cell wall,cell_wall
challenge,challenge
Challenge ,challenge
challenges,challenge
Challenges,challenge
chang,change
be somewhat chaotic,chaotic
characteristic,characteristic
characteristical,characteristic
characteristics,characteristic
Key characteristic,characteristic
key characteristic,characteristic
Key characteristics,characteristic
key characteristics,characteristic
Charge,charge
charge,charge
Q,charge
Chehimi,Chehimi
chemic,chemistry
chemistry element,chemical_element
chemical element,chemical_element
chemical elements,chemical_element
chem,chemistry
chemical,chemistry
chemist,chemistry
chemistri,chemistry
chemistry,chemistry
Chemistry,chemistry
PostChemistry,chemistry
chemistry class,chemistry_class
CS1,chemistry_student_one
CS2,chemistry_student_two
hear chemistry,chemistry_studies
study chemistry,chemistry_studies
chem teacher,chemistry_teacher
chemistry teacher,chemistry_teacher
chem exam,chemistry_test
chem test,chemistry_test
chemistry exam,chemistry_test
chlorin,chlorine
cl,chlorine
cl2,chlorine
choose,choice
Choice,choice
choice,choice
Choices,choice
choices,choice
chord,chord
circle,circle
circles,circle
Circuit,circuit
circuit,circuit
circuits,circuit
Clarity,clarity
clarity,clarity
clarify,clarity
Class,class
class,class
Classes,class
classes,class
classroom,classroom
classrooms,classroom
classroom situation,classroom_situation
classroom situations,classroom_situation
be clear,clear
be quite clear,clear
be quite clear what be,clear
be very clear,clear
certainly very clear,clear
clear,clear
clearest,clear
clearly,clear
itself be clear,clear
look in clear manner,clear
make clear,clear
quite clearly,clear
Clesh,Clesh
Clip library,clip_library
autoclustering,clustering
clustering,clustering
close,close
closer,close
cluster,clustering
centimeter,cm
cm,cm
code,code
codes,code
Codon,codon
codon,codon
Codons,codon
codons,codon
coefficients,coefficient
coefficient,coefficient
coincidences,coincidence
coincidence,coincidence
Cognitive Construals,cognitive_construals
cognitive construals,cognitive_construals
collaborate,collaboration
collaboration,collaboration
collaborative,collaboration
collaborative work,collaboration
collaboratively,collaboration
Collaborative Learn,collaborative_learning
collaborative learn,collaborative_learning
Collaborative Learning,collaborative_learning
collaborative learning,collaborative_learning
Collaborative Lesson,collaborative_lesson
Collaborative lesson,collaborative_lesson
collaborative lesson,collaborative_lesson
Collaborative Lessons,collaborative_lesson
Collaborative lessons,collaborative_lesson
collaborative lessons,collaborative_lesson
Collaborative Reflection Platform,collaborative_reflection_platforms
Collaborative Reflection Platforms,collaborative_reflection_platforms
collaborative reflection platforms,collaborative_reflection_platforms
Collected,collection
collected,collection
collection,collection
collect,collection
combination,combination
combine,combination
comment,comment
comment on,comment
communal room,communal_room
communicate,communication
communicated,communication
communicates,communication
Communication,communication
communication,communication
Communities,community
communities,community
Community,community
community,community
Community Learn,community_learning
community learn,community_learning
Community Learning,community_learning
community learning,community_learning
learn community,community_learning
Learn Community,community_learning
learn network,community_learning
Community Portal,community_portal
community portal,community_portal
Community Sustainability,community_sustainability
community sustainability,community_sustainability
Community Wall,community_wall
community wall,community_wall
compare,comparison
compare to,comparison
comparison,comparison
comparisons,comparison
Complementary,complementary
complementary,complementary
complex,complex
complicate,complicated
complicated,complicated
component,component
components,component
computation,computation
computational,computation
compute,computation
computer,computer
Computer,computer
timeconsuming Computer,computer
computer support,computer_support
concentrate,concentration
Concentrate,concentration
concentrated,concentration
concentrates,concentration
Concentration,concentration
concentration,concentration
Concentrations,concentration
concentrations,concentration
Concentration,concentration 
concentration ,concentration 
Concentrations ,concentration 
concentrations ,concentration 
concentration gradient,concentration_gradient
concentration sugar,concentration_of_sugar
concentration water,concentration_of_water
concept,concept
Concept,concept
concepts,concept
Concepts,concept
conceptual,concept
core concept,concept
core concepts,concept
issue,concept
key concept,concept
key concepts,concept
theme,concept
topic,concept
Concept Identification,concept_identification
concept identification,concept_identification
concept map,concept_map
concept maps,concept_map
conceptual knowledge,conceptual_knowledge
conceptual learn,conceptual_learning
conceptual learning,conceptual_learning
Conceptual Difficult Knowledge,conceptually_difficult_knowledge
conceptual difficult knowledge,conceptually_difficult_knowledge
conceptual_difficulty,conceptually_difficult_knowledge
Conceptually Difficult Knowledge,conceptually_difficult_knowledge
conceptually difficult knowledge,conceptually_difficult_knowledge
Condition,condition
condition,condition
Conditions,condition
conditions,condition
confident,confident
configuration mass,configuration_mass
confuse,confusion
confuse terminology,confused_by_terminology
confuse terminologydo,confused_by_terminology
be bite confuse,confusion
be little confuse,confusion
be not well understand,dont_understand
can confuse people,confusion
can not understand anything,confusion
confuse about,confusion
little confuse,confusion
understand little worse,confusion
confus,confusion
confused,confusion
confusing,confusion
confusion,confusion
connect,connection
connected,connection
connection,connection
Connection,connection
Connections,connection
connections,connection
connects,connection
connectivity,connectivity
consolidation,consolidation
consortium,consortium
consider,consider
consist,consist
considered,consider
consists,consist
constant number,constant_number
Constraint,constraints
constraint,constraints
Constraints,constraints
constraints,constraints
Construct,construction
construct,construction
Constructs,construction
constructs,construction
structure,construction
structures,construction
construction,construction
content,content
Content,content
Contents,content
contents,content
contribute,contribution
contributed,contribution
contributes,contribution
contributing,contribution
contribution,contribution
Control,control
control,control
conversion,conversion
convert,conversion
conversion amu,convert_amu
conversation,conversation
conversations,conversation
convert amu,convert_amu
cook,cooking
cooked,cooking
cookery,cooking
cookery programmes,cooking
cooking,cooking
cooking process,cooking
cooks,cooking
be very cool,cool
cool,cool
very correct,correct
correct mistake,correct_mistake
Costume,costume
costume,costume
Costumes,costume
costumes,costume
C,coulomb
Coulomb,coulomb
coulomb,coulomb
Coulombs,coulomb
coulombs,coulomb
counts,count
count,count
Counterintuitive,counterintuitive
counterintuitive,counterintuitive
counterintuitivly,counterintuitive
couples,couple
couple,couple
Course,course
course,course
Courses,course
courses,course
create,creation
created,creation
creates,creation
creation,creation
Creation,creation
creative,creativity
Creative,creativity
creatively,creativity
creativity,creativity
Crosssituational Learn,crosssituational_learning
crosssituational learn,crosssituational_learning
Crosssituational learn,crosssituational_learning
Crosssituational Learning,crosssituational_learning
crosssituational learning,crosssituational_learning
Crosssituational learning,crosssituational_learning
Cultural Resources,cultural_resource
Cultural Resource,cultural_resource
cultural resources,cultural_resource
cultural resource,cultural_resource
Cultural Studies,cultural_studies
Cultural studies,cultural_studies
cultural studies,cultural_studies
Cultural Study,cultural_studies
Cultural study,cultural_studies
cultural study,cultural_studies
cultural,culture
culture,culture
curiosity,curiosity
Curiosity,curiosity
curious,curiosity
Current,current
current,current
current flow,current_flow
Cutting Code,cutting_code
Cutting code,cutting_code
cutting code,cutting_code
dance performance,dance_performance
dance performances,dance_performance
Darwinian Theory,darwinian_theory
darwinian theory,darwinian_theory
data,data
Data ,data
data mine,data_mining
data mining,data_mining
deals,deal
deal,deal
Debriefing,debriefing
debriefing,debriefing
Debriefing session,debriefing
debriefing session,debriefing
Debriefings,debriefing
debriefings,debriefing
Debug,debugging
debug,debugging
Debugging,debugging
debugging,debugging
decide,decision
decision,decision
decisions,decision
Decision Making,decision_making
Decision making,decision_making
decision making,decision_making
Declare,declaring
declare,declaring
declared,declaring
Declaring,declaring
declaring,declaring
declare a variable,declaring_variable
declare variable,declaring_variable
Declaring a variable,declaring_variable
declaring a variable,declaring_variable
Declaring variable,declaring_variable
declaring variable,declaring_variable
deep,depth
deeper,depth
define,definition
defin,definition
definit,definition
definition,definition
definitions,definition
what be,definition
What be,definition
what is,definition
What is,definition
degree,degree
delighted,delightful
depth,depth
denotion,denotion
denote,denotion
describe,explanation
described,explanation
describes,explanation
description,explanation
deserving,deserving
deserve,deserving
Design,design
design,design
Designing,design
designing,design
Designing Code,designing_code
Designing code,designing_code
designing code,designing_code
Desktop,desktop
desktop,desktop
desktopbased,desktop
traditional desktop,desktop
traditional_desktop,desktop
details,detail
detail,detail
determin,determination
determine,determination
Develop,development
develop,development
developed,development
developing,development
development,development
developmental,development
develops,development
Device,device
device,device
Devices,device
devices,device
equipment,device
diagram,diagram
diagrams,diagram
didnt mention,dont_mention
didnt understand,dont_understand
differ,difference
difference,difference
Difference,difference
Differences,difference
differences,difference
difference between,difference_between
different,difference
Different Disease,different_diseases
Different disease,different_diseases
different disease,different_diseases
Different Diseases,different_diseases
Different diseases,different_diseases
different diseases,different_diseases
different size,different_sizes
different sizes,different_sizes
diffuse,diffusion
diffuses,diffusion
diffused,diffusion
Diffusion,diffusion
diffusion,diffusion
diffusions,diffusion
Digital,digital
digital,digital
dilute solution,dilute_solution
Discipline,discipline
discipline,discipline
disciplines,discipline
Disciplines,discipline
Discursive,discursive
discursive,discursive
discuss,discussion
discussed,discussion
discusses,discussion
discussing,discussion
Discussion,discussion
discussion,discussion
Discussions,discussion
discussions,discussion
dislike this,disliking
Display,display
display,display
display system,display
displaybased,display
Displays,display
displays,display
dissolve,dissolving
dissolved,dissolving
dissolves,dissolving
dissolving,dissolving
distribute,distribution
distributed,distribution
distributes,distribution
distribution,distribution
diverse,diversity
diversity,diversity
divided,divide
divide,divide
DJing,djing
Deoxyribonucleic Acid,dna
Deoxyribonucleic acid,dna
deoxyribonucleic acid,dna
DNA,dna
dna,dna
finally understand,do_understand
fully understand,do_understand
I understand,do_understand
i understand,do_understand
really understand,do_understand
really understood,do_understand
understand anything,do_understand
understand concept,do_understand
understand it,do_understand
understand that,do_understand
understandable,do_understand
document,document
documents,document
domain,domain
domains,domain
Dominant Allele,dominant_alleles
Dominant allele,dominant_alleles
dominant allele,dominant_alleles
Dominant Alleles,dominant_alleles
Dominant alleles,dominant_alleles
dominant alleles,dominant_alleles
could not understand,dont_understand
couldn t understand,dont_understand
couldnt understand,dont_understand
difficult to understand,dont_understand
difficult understand,dont_understand
do not understand,dont_understand
don t get,dont_understand
don t really get,dont_understand
don t see why,dont_understand
don t understand,dont_understand
dont get,dont_understand
dont quite understand,dont_understand
dont really get,dont_understand
dont see why,dont_understand
dont understand,dont_understand
hard to understand,dont_understand
hard understand,dont_understand
have no idea,dont_understand
not understandable,dont_understand
dont worry,dont_worry
downside,downside
12 egg,dozen_egg
dozen egg,dozen_egg
draw,drawing
drawed,drawing
drawing,drawing
drawingsketching,drawing
draws,drawing
bro,dude
dynalearn,dynalearn
has dynamic component,dynamic
be have do something more lively,dynamic_missed
Dynamo,dynamo
E assessment,e_assessment
e Assessment,e_assessment
Eassessment,e_assessment
eAssessment,e_assessment
e Portfolio,e_portfolio
e portfolio,e_portfolio
ePortfolio,e_portfolio
eportfolio,e_portfolio
Eagleton,Eagleton
Econometric,econometric
econometric,econometric
Econometrics,econometric
econometrics,econometric
Economic Social Council,economic_social_council
Business Studies,economics
business studies,economics
Economic,economics
economic,economics
Economics,economics
economics,economics
edit,edit
Edit,edit
editing,edit
editor,editor
Editor,editor
editors,editor
Editors,editor
educate,education
educated,education
educates,education
education,education
Education,education
Educational,education
educational,education
guidance,education
guidelines,education
higher education,education
facilitate learn,education
very educational,education
effect,effect
effective,effect
effects,effect
has lot work,elaborated
very work,elaborated
electric field,electric_field
electric potential,electric_potential
electric potential difference,electric_potential_difference
electric potential energy,electric_potential_energy
electrical potential,electrical_potential
electrical potential difference,electrical_potential_difference
electrical potential energy,electrical_potential_energy
Electromotive Force,electromotive_force
Electromotive force,electromotive_force
electromotive force,electromotive_force
emf,electromotive_force
emf ,electromotive_force
electron charge,electron_charge
electron volt,electron_volt
electrostatic potential,electrostatic_potential
electrostatic potential energy,electrostatic_potential_energy
elemental,element
elemental form,elemental_form
element form,elemental_form
Email,email
email,email
emailed,email
Emails,email
emails,email
embed,embedding
embedded,embedding
embeddes,embedding
embedding,embedding
Emergent conceptual understand issue,emergent_conceptual_understanding_issue
emergent conceptual understand issue,emergent_conceptual_understanding_issue
Emergent conceptual understand issues,emergent_conceptual_understanding_issue
emergent conceptual understand issues,emergent_conceptual_understanding_issue
Emergent conceptual understanding issue,emergent_conceptual_understanding_issue
emergent conceptual understanding issue,emergent_conceptual_understanding_issue
Emergent conceptual understanding issues,emergent_conceptual_understanding_issue
emergent conceptual understanding issues,emergent_conceptual_understanding_issue
Empirical Formula,empirical_formula
Empirical formula,empirical_formula
empirical formula,empirical_formula
encourage,encourage
encouraged,encourage
empirical,empiricism
empiricism,empiricism
endocytosi,endocytosis
Energy,energy
energy,energy
energy lose,energy_lose
lose energy,energy_lose
loses energy,energy_lose
energy transfer,energy_transfer
engage,engagement
Engagement,engagement
engagement,engagement
engages,engagement
English Heritage,english_heritage
english heritage,english_heritage
also entertain,entertaining
be entertain,entertaining
be very entertain,entertaining
entertain,entertaining
first video be entertain,entertaining
good entertain,entertaining
very entertain,entertaining
Environment,environment
environment,environment
equaled,equal_to
equals,equal_to
equal to,equal_to
equal,equal_to
enzyme,enzyme
enzymes,enzyme
epistemic,epistemological
epistemological,epistemological
epistemologically,epistemological
equat,equation
equation,equation
equations,equation
Error,error
error,error
Errors,error
errors,error
Essential Concepts,essential_concept
Essentialist thinking,essentialist_thinking
ethnographic,ethnographical
ethnographical,ethnographical
ethnographically,ethnographical
enhancing teaching learning,etl
Enhancing Teaching Learning ,etl
enhancing teaching learning environments,etl
Enhancing Teaching Learning Environments Undergraduate Courses,etl
enhancing teachinglearning,etl
enhancing teachinglearning environments,etl
Enhancing TeachingLearning Environments Undergraduate Courses,etl
ETL,etl
ETL Project,etl
etl project,etl
ETLProject,etl
etlproject,etl
EU,eu
European Union,eu
EUinitiative,eu_initiative
Europe,europe
european,europe
European Schoolnet,european_schoolnet
evaluate,evaluation
Evaluation,evaluation
evaluation,evaluation
everyday use,everyday_use
evidence,evidence
evidences,evidence
Evolution and My Digital Life,evolution_and_my_digital_life
Evolution Digital,evolution_and_my_digital_life
Evolution My Digital Life,evolution_and_my_digital_life
exam,exam
exams,exam
exam day,exam_day
exampl,example
example,example
Example,example
examples,example
Exemplar,example
exemplar,example
put simple example,example_missed
show visual example,example_missed
try intersperse example,example_missed
with simple example all become easier,example_missed
Exchange,exchange
exchange,exchange
experience,experience
Experience,experience
experiences,experience
Experiences,experience
experiential,experience
Expert,expert
expert,expert
Experts,expert
experts,expert
explain,explanation
explained,explanation
explaing,explanation
explains,explanation
explanation,explanation
explanations,explanation
how,explanation
please tell,explanation
What do,explanation
what do,explanation
What doe,explanation
what doe,explanation
What does,explanation
what does,explanation
why be,explanation
Why be,explanation
why do,explanation
Why do,explanation
why is,explanation
Why is,explanation
do not see anywhere interface concept,explanation_missed
focus more on explain,explanation_missed
have miss something more about,explanation_missed
just not fully explain what,explanation_missed
miss in explanation,explanation_missed
need explain,explanation_missed
not comment on,explanation_missed
perhaps speed paste letter,explanation_missed
put some more slide,explanation_missed
should have include some additional explanation,explanation_missed
think might have otherwise explain,explanation_missed
exploration,exploration
explore,exploration
explored,exploration
explores,exploration
external,external
expression,expression
expressed,expression
express,expression
face to face,face_to_face
facetoface,face_to_face
FF,face_to_face
facilitate,facilitated
facilitated,facilitated
facilitate,facilitation
facilitates,facilitation
facilitation,facilitation
facilitator,facilitator
facilitators,facilitator
fact,fact
facts,fact
factor,factor
factors,factor
fadein,fadein
fadeout,fadeout
failed,fail
fail,fail
Feature,feature
feature,feature
Features,feature
features,feature
feedback,feedback
field strength,field_strength
figur,figure
Figure,figure
figure,figure
Figures,figure
figures,figure
find mass,find_mass
find number,find_number
Finke,Finke
fit,fit
fits,fit
fit inside,fit_inside
fits inside,fit_inside
Flawed Pre knowledge,flawed_preknowledge
Flawed pre knowledge,flawed_preknowledge
flawed pre knowledge,flawed_preknowledge
Flawed PreKnowledge,flawed_preknowledge
Flawed Preknowledge,flawed_preknowledge
Flawed preknowledge,flawed_preknowledge
flawed preknowledge,flawed_preknowledge
Flicker,flickr
Flickr,flickr
Conservation laws,flow_of_electrons
flow of electron,flow_of_electrons
Flow of electron,flow_of_electrons
flow of Electron,flow_of_electrons
Flow of Electron,flow_of_electrons
flow of electrons,flow_of_electrons
Flow of electrons,flow_of_electrons
flow of Electrons,flow_of_electrons
Flow of Electrons,flow_of_electrons
Units of current ,flow_of_electrons
Units of voltage,flow_of_electrons
focus,focus
for example,for_example
foreign,foreign
foreign language,foreign_language
foreign languages,foreign_language
form,form
formal,form
Format,format
format,format
math formula,formula
frame,frame
frames,frame
framework,framework
frameworks,framework
front,front
maybe little more fun,fun_missed
actually funny,funny
be also fun entertain,entertaining
funny,funny
very funny,funny
video be very funny,funny
Gamelan Orchestra,gamelan_orchestra
Gamelan orchestra,gamelan_orchestra
gamelan orchestra,gamelan_orchestra
gap,gap
gaps,gap
ga,gas
Gas Concentration,gas_concentration
Gas concentration,gas_concentration
gas concentration,gas_concentration
Gas Concentrations,gas_concentration
Gas concentrations,gas_concentration
gas concentrations,gas_concentration
Gas Volume calculations ,gas_volume_concentration
Gas Volume Concentration,gas_volume_concentration
Gas Volume concentration,gas_volume_concentration
gas Volume concentration,gas_volume_concentration
Gas volume Concentration,gas_volume_concentration
Gas volume concentration,gas_volume_concentration
gas volume concentration,gas_volume_concentration
Gas Volume Concentrations,gas_volume_concentration
Gas Volume concentrations,gas_volume_concentration
gas Volume concentrations,gas_volume_concentration
Gas volume Concentrations,gas_volume_concentration
Gas volume concentrations,gas_volume_concentration
gas volume concentrations,gas_volume_concentration
ga law,gas_law
Gas Volume Calculation,gas_volume_calculation
Gas volume calculation,gas_volume_calculation
Gas Volume Calculations,gas_volume_calculation
Gas volume calculations,gas_volume_calculation
gaseous diffusion,gaseous_diffusion
gather,gathering
gathering,gathering
GEES,gees
Geography Earth Environmental Science,gees
Geography Earth Environmental Sciences,gees
General,general
general,general
genetic code,genetic_code
genetic drift,genetic_drift
Geography,geography
geography,geography
german,Germany
Germany,Germany
germany,Germany
gesture,gesture
gestures,gesture
giggle,giggling
giggled,giggling
giggles,giggling
giggling,giggling
lot giggle,giggling
girl,girl
girls,girl
Glass Cube,glass_cube
Glass cube,glass_cube
glass cube,glass_cube
Glass Cubes,glass_cube
Glass cubes,glass_cube
glass cubes,glass_cube
GlassCube,glass_cube
Glasscube,glass_cube
glasscube,glass_cube
GlassCubes,glass_cube
Glasscubes,glass_cube
glasscubes,glass_cube
glucose,glucose
glucose molecule,glucose_molecule
Glucose Solution,glucose_solution
Glucose solution,glucose_solution
glucose solution,glucose_solution
go,go
Aim,goal
aim,goal
Aims,goal
aims,goal
Goal,goal
goal,goal
Goals,goal
goals,goal
be fine,good
be good,good
be pretty good,good
be pretty well,good
be very good,good
be very well,good
best,good
better,good
do not find negative,good
everything correct,good
fulfill purpose,good
good,good
great,good
in general be fine,good
nothing objectionable,good
pretty good,good
pretty good overall,good
quite good,good
quite work,good
seem very good,good
very good,good
very well,good
well,good
animation be good,good_animation
very good graphic example,good_animation
assembly be also very well do,good_assembly
assembly be very well do,good_assembly
do great assembly,good_assembly
installation be pretty well do,good_assembly
mount be good,good_assembly
very good mount,good_assembly
with simple installation,good_assembly
good at,good_at
audio add pretty good,good_audio
good song,good_audio
very good audio,good_audio
well combine,good_combination
very visual appearance,good_design
edit very good,good_edit
example be correct,good_example
example be easy,good_example
example be fine,good_example
example be good,good_example
example be simple enough,good_example
example be very good,good_example
example get easy,good_example
example video help,good_example
example ye use be very appropriate,good_example
good example,good_example
perfect example,good_example
very good example,good_example
very well example,good_example
be not explain very well theme,good_explanation
be very well explain,good_explanation
be well explain,good_explanation
best explain concept,good_explanation
clearly explain,good_explanation
clearly explain everything,good_explanation
clearly represent what want explain,good_explanation
correctly explain,good_explanation
especially well explain,good_explanation
explain be very clear,good_explanation
explain concept quite well,good_explanation
explain everything perfectly,good_explanation
explain good,good_explanation
explain in simple term,good_explanation
explain perfectly,good_explanation
explain quite simple,good_explanation
explain quite well,good_explanation
explain thing very well,good_explanation
explain very well,good_explanation
explain well,good_explanation
explains perfectly,good_explanation
explanation be clear,good_explanation
explanation be fine,good_explanation
explanation be good,good_explanation
explanation be great,good_explanation
explanation be not bad,good_explanation
explanation be perfectly,good_explanation
explanation be well distribute,good_explanation
explanation example although simple ,good_explanation
explanation is quite good,good_explanation
explanation without problem,good_explanation
get idea explain,good_explanation
good clear explanation,good_explanation
good explain,good_explanation
good explanation,good_explanation
has be explain very well,good_explanation
have explain well simply,good_explanation
idea be well express,good_explanation
idea explain case,good_explanation
issue is well explained,good_explanation
join comment on video,good_explanation
like explanation,good_explanation
like idea explain,good_explanation
like way explain topic,good_explanation
moreover idea be explain perfectly,good_explanation
perfectly explain,good_explanation
pretty explaining,good_explanation
pretty self explanatory,good_explanation
pretty simple clear explanation,good_explanation
pretty well explain,good_explanation
self explanatory,good_explanation
successful video explain,good_explanation
think explain well,good_explanation
very good explain case,good_explanation
very good simple explanation,good_explanation
very helpful understand explanation,good_explanation
very well explain,good_explanation
well explain,good_explanation
well explain concept,good_explanation
very good imitation,good_imitation
good work,good_job
nice work,good_job
learn lot,good_learning
good job,good_performance
good work,good_performance
great job,good_performance
love performance,good_performance
very carefully work,good_performance
very good job,good_performance
very well do,good_performance
youve do very well,good_performance
good quality,good_quality
have good quality picture,good_quality
perfect  quality,good_quality
very good quality,good_quality
good conduct,good_structure
very wellstructured,good_structure
good teacher,good_teacher
go fast good,good_tempo
speed not make very difficult follow,good_tempo
good video,good_video
Good video,good_video
great video,good_video
like video,good_video
very good video,good_video
video like,good_video
be very carefully work,good_work
carefully work,good_work
well concept,good_work
Google,google
Google Video,google
government,government
gram,gram
grams,gram
gravitational potential,gravitational_potential
grav,gravity
gravitational,gravity
gravity,gravity
great,great
greater,great
amaze teacher,great_teacher
great teacher,great_teacher
great video,great_video
Group,group
group,group
Groups,group
groups,group
growth,growth
graphical user interface,gui
graphical user interfaces,gui
GUI,gui
GUIs,gui
h2o,water
h2so4,sulfuric_acid
harder,hard
hard,hard
Hair,hair
hair,hair
Hairs,hair
hairs,hair
hand write,handwriting
handwritten,handwriting
hard time,hard_time
Head of science,head_of_science
head of science,head_of_science
Head Science,head_of_science
Head science,head_of_science
head science,head_of_science
Head of Technology,head_of_technology
Head of technology,head_of_technology
head of technology,head_of_technology
Head Technology,head_of_technology
Head technology,head_of_technology
head technology,head_of_technology
heat transfer,heat_transfer
helium atom,helium_atom
heavier,heavy
heavy,heavy
help,help
help me,help_needed
please answer,help_needed
please help,help_needed
great help,helpful
help alot,helpful
help lot,helpful
helpful,helpful
it help,helpful
really help,helpful
really helpful,helpful
so helpful,helpful
very helpful,helpful
high,high
High,high
higher,high
concentration high,high_concentration
High Concentraion,high_concentration
High concentraion,high_concentration
high concentration,high_concentration
higher concentration,high_concentration
high school,high_school
highlight common characteristic,highlight_characteristic
hill,hill
hills,hill
Hodgkin,Hodgkin
hodgkin,Hodgkin
hole,hole
holes,hole
honeypot,honeypot
hope help,hope_it_helps
i hope,hope
how big,explanation
how do,explanation
how to,explanation
how you,explanation
Human Like,human_like
Human like,human_like
human like,human_like
HumanLike,human_like
Humanlike,human_like
humanlike,human_like
hydrogen1,hydrogen 1
hyper tonic,hypertonic
hypertonic solution,hypertonic_solution
Hypothese,hypothesis
hypothese,hypothesis
Hypotheses,hypothesis
hypotheses,hypothesis
Hypothesis,hypothesis
hypothesis,hypothesis
hypothesise,hypothesis
hypothesised,hypothesis
hypothesises,hypothesis
hypo tonic,hypotonic
hypotonic solution,hypotonic_solution
i hate,i_hate
i know,i_know
i love,i_love
iCamp,icamp
ICMA,icma
ICMAs,icma
interactive computer marked assessment,icma
interactive computer marked assessments,icma
ICT,ict
information and communication technologies,ict
information and communication technology,ict
information communication technologies,ict
information communication technology,ict
Idea,idea
idea,idea
Ideas,idea
identificated,identification
identification,identification
Identified,identification
identifies,identification
identify,identification
Identify,identification
Identity,identity
identity,identity
if else,if_then_else
if then else,if_then_else
if-then-else,if_then_else
be careful with black text on image,illegible
beware dark background dark lyric,illegible
difficult movement reading,illegible
hard read,illegible
have trouble read some slide,illegible
letter bigger,illegible
text be hard read,illegible
text difficult read,illegible
trouble read some slide,illegible
image,image
picture,image
bite more image,images_missed
image make more nice,images_missed
paste quality image,images_missed
picture make more nice,images_missed
image go too fast,images_too_fast
image move too fast,images_too_fast
little fast some image,images_too_fast
maybe transition be slow in some picture,images_too_fast
image spend too slow ,images_too_slow
iMovie,i_movie
impact,impact
impacts,impact
impossible,impossible
income level,income_level
inconsistent,inconsistent
Inert Knowledge,inert_knowledge
Inert knowledge,inert_knowledge
inert knowledge,inert_knowledge
inflation,inflation
Informal,informal
Informal Learn,informal_learning
Informal learn,informal_learning
informal learn,informal_learning
Informal Learning,informal_learning
Informal learning,informal_learning
informal learning,informal_learning
Initial,initial
initial,initial
input,input
input modality,input_modality
inside,inside
in situ,insitu
insitu,insitu
Instant Place,instant_places
Instant Places,instant_places
Integral Calculus,integral_calculus
Integral calculus,integral_calculus
integral calculus,integral_calculus
integrate,integration
integrated,integration
integrates,integration
integration,integration
Integrative,integration
integrative,integration
intelligence,intelligence
intelligent,intelligence
interact,interaction
interacted,interaction
Interaction,interaction
interaction,interaction
Interactions,interaction
interactions,interaction
Interactive,interaction
interacts,interaction
Interactive Display,interactive_display
interactive display,interactive_display
Interactive Displays,interactive_display
interactive displays,interactive_display
Interest,interest
interest,interest
interested,interest
interests,interest
Interface,interface
interface,interface
Interfaces,interface
interfaces,interface
internal,internal
Internalisation Concept,internalisation_concept
Internalisation concept,internalisation_concept
internalisation concept,internalisation_concept
Internet,internet
internet,internet
interviewee,interviewee
interviewees,interviewee
intrinsic,intrinsic
Introduction,introduction
introduction,introduction
intuitive,intuitive
very intuitive,intuitive
be quite original,inventive
be very good idea,inventive
be very original concept,inventive
be very original idea,inventive
good idea,inventive
good idea to explain,inventive
great idea,inventive
idea be good,inventive
idea be great,inventive
idea be not bad,inventive
idea be pretty good,inventive
idea be very good,inventive
idea find very good,inventive
in original way,inventive
most original idea ive see far,inventive
originally idea,inventive
very creative,inventive
very good idea,inventive
very original,inventive
with great idea,inventive
involves,involve
involve,involve
fe,iron
iron,iron
fe2o3,iron_oxide
Fe2o3,iron_oxide
Fe2O3,iron_oxide
iron oxide,iron_oxide
Irreversible,irreversible
irreversible,irreversible
isotop,isotope
issue,issue
issues,issue
iteration,iteration
Iteration,iteration
Iterations,iteration
iterations,iteration
iTune,itunes
iTunes,itunes
iTunesU,itunes
JayCut,jaycut
jaycut,jaycut
Jaycut,jaycut
JayCut Touchtable,jaycut_touchtable
JISC,jisc
jobs,job
job,job
jokes,joke
joke,joke
J,joule
j,joule
joule,joule
joules,joule
Joule per Coulomb,joule_per_coulomb
joule per Coulomb,joule_per_coulomb
Joule per coulomb,joule_per_coulomb
joule per coulomb,joule_per_coulomb
Joules per Coulomb,joule_per_coulomb
joules per Coulomb,joule_per_coulomb
Joules per coulomb,joule_per_coulomb
joules per coulomb,joule_per_coulomb
JUXTALAERN,juxtalearn
JuxtaLearn,juxtalearn
juxtalearn,juxtalearn
Juxtalearn,juxtalearn
JuxtaLearns,juxtalearn
JuxtaLearn Distribute,juxtalearn_distribute
JuxtaLearn Learner,juxtalearn_learner
JuxtaLearn Objective,juxtalearn_objective
JuxtaLearn Risk,juxtalearn_risk
juxtapose,juxtaposition
juxtaposed,juxtaposition
juxtaposing,juxtaposition
juxtaposition,juxtaposition
juxtapositioned,juxtaposition
Keyboard,keyboard
keyboard,keyboard
keyboard instrument,keyboard
keyboard instruments,keyboard
keyboard interval,keyboard
keyboard intervals,keyboard
Keyboards,keyboard
keyboards,keyboard
khan academy,khan_academy
Khan Academy,khan_academy
khanacademy,khan_academy
kinetic,kinetic
Kinetic Energy,kinetic_energy
Kinetic energy,kinetic_energy
kinetic energy,kinetic_energy
knowledge,knowledge
Knowledge,knowledge
lab,laboratory
Language,language
language,language
languages,language
Languages,language
large,large
lateral,lateral
laugh,laughter
laughed,laughter
laughing,laughter
laughs,laughter
laughter,laughter
haha,laughter
lead,lead
learn more,learn
learn analytic,learning_analytics
Learn Analytic,learning_analytics
Learn analytic,learning_analytics
learn analytics,learning_analytics
Learn Analytics,learning_analytics
Learn analytics,learning_analytics
learn environment,learn_environment
Learn Environment,learn_environment
Learn Performance,learn_performance
Learn Process,learn_process
learn process,learn_process
Learning Process,learn_process
learning process,learn_process
Learn Resource Exchange,learn_resource_exchange
learn resource exchange,learn_resource_exchange
Learn Science,learn_science
Learn Sciences,learn_science
learning community,learn_community
learn community,learn_community
learner,learner
digital learn,learning
enhance learn,learning
enhanced learning,learning
learn,learning
Learn,learning
learn activity,learning
learn process,learning
learned,learning
Learning,learning
learning,learning
learns,learning
technologylearning,learning
Learn Access Cultural,learning_access_cultural_resources
Learn Access Cultural Resource,learning_access_cultural_resources
Learning Access Cultural Resources,learning_access_cultural_resources
learning needs,learning_needs
Learning Resource,learning_resource
Learning resource,learning_resource
learning resource,learning_resource
Learning Resources,learning_resource
Learning resources,learning_resource
learning resources,learning_resource
Lesson,lesson
lesson,lesson
Lessons,lesson
lessons,lesson
Lesson Plan,lesson_plan
Lesson plan,lesson_plan
lesson Plan,lesson_plan
lesson plan,lesson_plan
Li,lithium
li,lithium
level,level
levels,level
libraries,library
library,library
light,light
light bulb,light_bulb
really like,like
love him,like_him
like this,like_this
love it,like_this
love this,like_this
like subject,like_topic
like theme,like_topic
like you,like_you
love u,like_you
love you,like_you
like your,like_your
love your,like_your
like about this,likeable
like lot,likeable
like most,likeable
like much,likeable
love ,likeable
love dose,likeable
really like,likeable
Liminality,liminality
liminality,liminality
Link,link
link,link
linked,link
Linked ,link
Links,link
links,link
lipid layer,lipid_layer
literal,literal
literally,literal
english literature,literature
literary ,literature
literary texts,literature
literature,literature
Livescribe,livescribe
livescribe,livescribe
livescribe paper,livescribe_paper
special paper,livescribe_paper
livescribe pen,livescribe_pen
Linnaeu University,lnu
Linnaeus University,lnu
LNU,lnu
Localisation,localisation
localisation,localisation
localise,localisation
localised,localisation
Loop,loop
loop,loop
Loops,loop
loops,loop
lost confidence,lost_confidence
lol,loughing_out_loud
loves,love
loved,love
low,low
lower,low
concentration low,low_concentration
concentration lower,low_concentration
Low Concentration,low_concentration
Low concentration,low_concentration
low concentration,low_concentration
Low Contrentation,low_concentration
Low contrentation,low_concentration
low contrentation,low_concentration
lower concentration,low_concentration
macroscopic_scale,macroscopic_scale
magnesium,magnesium
manipulate,manipulation
manipulated,manipulation
manipulates,manipulation
manipulation,manipulation
MashUp,mash_up
MashUps,mash_up
m,mass
Mass,mass
mass,mass
mass ,mass
masses,mass
mass number,mass_number
mass unit,mass_unit
Material,material
material,material
Materials,material
materials,material
math,mathematics
mathematical,mathematics
mathematics,mathematics
maths,mathematics
meaning,meaning
meanings,meaning
measur,measurement
measure,measurement
measure as,measurement
measured as,measurement
measurement of ,measurement
measured,measurement
measures,measurement
measuring,measurement
Mechanism,mechanism
mechanism,mechanism
Mechanisms,mechanism
mechanisms,mechanism
Media Analytic,media_analytic
media analytic,media_analytic
median,median
Medicine,medicine
medicine,medicine
Meeting,meeting
meeting,meeting
Meetings,meeting
meetings,meeting
Mtg,meeting
Membrane,membrane
membrane,membrane
Membranes,membrane
membranes,membrane
metafora,metafora
metaphor,metaphor
method,method
mice,mice
mices,mice
Microsoft,microsoft
minorities,minority
minority,minority
minute,minute
minutes,minute
Misconception,misconception
misconception,misconception
Misconceptions,misconception
misconceptions,misconception
Mobile,mobile
mobile,mobile
mobile compute,mobile
mobile device,mobile
smartphone,mobile
smartphones,mobile
modalities,modality
modality,modality
Model,model
model,model
modeled,model
Models,model
models,model
M,molar_mass
molar mass,molar_mass
Molar Mass,molar_mass
Molar mass,molar_mass
molar Mass,molar_mass
mole mass,molar_mass
mole_mass,molar_mass
Molarity,molarity
molarity,molarity
Molality,molarity
molality,molarity
mol,mole
molar,mole
Mole,mole
mole,mole
Moles,mole
moles,mole
moley,mole
mole calculation,mole_calculation
mole element,mole_element
mole unit,mole_unit
Molecular Formula,molecular_formula
Molecular formula,molecular_formula
molecular formula,molecular_formula
molecular mass,molecular_mass
molecular weight,molecular_weight
molecule,molecule
molecule block,molecule_block
molecule move,molecule_move
Mole Triangle,moles_triangle
Mole triangle,moles_triangle
mole triangle,moles_triangle
Mole Triangles,moles_triangle
Mole triangles,moles_triangle
mole triangles,moles_triangle
Moles Triangle,moles_triangle
Moles triangle,moles_triangle
moles triangle,moles_triangle
Moles Triangles,moles_triangle
Moles triangles,moles_triangle
moles triangles,moles_triangle
Moodle,moodle
mice,mouse
Low motivation,motivation
motivate,motivation
motivated,motivation
Motivation,motivation
motivation,motivation
moves,move
moved,move
move,move
move from,move
Movement,movement
movement,movement
movement of,movement
movements,movement
moves,movement
Mvmt ,movement
mvmt ,movement
Movie Maker,movie_maker
MovieMaker,movie_maker
Messenger RNA,mrna
messenger RNA,mrna
Messenger rna,mrna
messenger rna,mrna
MessengerRNA,mrna
messengerRNA,mrna
Messengerrna,mrna
messengerrna,mrna
mRNA,mrna
MRNA ,mrna
multilearner,multi_user
multiple user,multi_user
multiuser,multi_user
multimedia,multimedia
Multimedia,multimedia
multiple,multiple
multipli,multiple
multitouch,multitouch
mumble,mumble
mumbled,mumble
mumbles,mumble
mumbling,mumble
MashUp Personal Learning Environment,mupple
MashUp Personal Learning Environments,mupple
MUPPLE,mupple
museum,museum
Music,music
music,music
musical,music
musics,music
be little music ,music_missed
have include music,music_missed
lack some kind music,music_missed
lack touch music make entertain,music_missed
Musical,musical
my brain,my_brain
Mynatt,Mynatt
name,name
names,name
need,need
needs,need
negatively,negative
network,network
networks,network
network analysis,network_analysis
N,newton
Newtons second,newtons_second
newtons second,newtons_second
club,nightclub
nightclub,nightclub
the same,no_difference
not confuse,not_confusing
not facilitated,not_facilitated
insipid,not_inventive
not have be necessary,not_to_the_point
Note,note
note,note
Notes,note
notes,note
November ,november
november ,november
nonexpert,novice
novice,novice
novices,novice
nQuire,nquire
number,number
numbers,number
number proton,number _of_protons
number atom,number_of_atom
number guacamole,number_of_guacamole
number molecule,number_of_molecules
number mole,number_of_moles
number particle,number_of_particle
Number of Particle,number_of_particles
Number of particle,number_of_particles
number of particle,number_of_particles
Number of Particles,number_of_particles
Number of particles,number_of_particles
number of particles,number_of_particles
number proton,number_of_protons
number sodium atom,number_of_sodium_atoms
Object,object
object,object
Objects,object
objects,object
General Observations,observation
General observations,observation
general observations,observation
Observation,observation
observation,observation
Observations,observation
observations,observation
observe,observation
October,october
october,october
OER,oer_commons
OER Common,oer_commons
OER Commons,oer_commons
Office Suite,office_suite
office suite,office_suite
offline,offline
gosh,oh_my_god
omfg,oh_my_god
omg,oh_my_god
ohm law,ohm_law
ohm load,ohm_load
onion skin,onion_skin
online,online
ontologies,ontology
ontology,ontology
Open Mark,open_mark
OpenMark,open_mark
Open University,open_university
Open university,open_university
open university,open_university
OU,open_university
Opinionizer,opinionizer
opportunity cost,opportunity_cost
opportunity costs,opportunity_cost
oppose force,oppose_force
order,order
organic chemistry,organic_chemistry
osmose,osmosis
osmosi,osmosis
Osmosis,osmosis
osmosis,osmosis
osmositic,osmosis
osmosis diffusion,osmosis_diffusion
osmotic pressure,osmotic_pressure
Output,output
output,output
Outputs,output
outputs,output
overlapping,overlapping
Overtalking,overtalking
overtalking,overtalking
overview form,overview_form
o2,oxygen
O2,oxygen
oxygen16,oxygen 16
oxygen weigh,oxygen_weight
o3,ozone
O3,ozone
package,package
pad,pad
pads,pad
papers,paper
paper,paper
paradigm shift,paradigm_shift
parent,parent
parents,parent
partially permeable,semipermeable
participant,participant
participate,participation
participated,participation
participates,participation
participation,participation
Participation,participation
particl,particle
particle,particle
particles,particle
pass,passing
passing,passing
passive,passive
passive transport,passive_transport
pattern,pattern
patterns,pattern
pause,pause
pay attention,pay_attention
Pedagogic element,pedagogic_element
pedagogic element,pedagogic_element
Pedagogic Element,pedagogic_element
pedagogic Element,pedagogic_element
Pedagogic elements,pedagogic_element
pedagogic elements,pedagogic_element
Pedagogic Elements,pedagogic_element
pedagogic Elements,pedagogic_element
Pedagogic Requirement,pedagogic_requirements
Pedagogic requirement,pedagogic_requirements
pedagogic requirement,pedagogic_requirements
Pedagogic Requirements,pedagogic_requirements
Pedagogic requirements,pedagogic_requirements
redagogic requirements,pedagogic_requirements
pedagogic,pedagogy
pedagogical,pedagogy
pedagogically,pedagogy
Pedagogy,pedagogy
pedagogy,pedagogy
peer,peer
peers,peer
pen,pen
Pen,pen
pens,pen
Pens,pen
pencast,pencast
people,people
People,people
young people,people
percepted,perception
perception,perception
Percolation theory,percolation_theory
percolation theory,percolation_theory
perfect,perfect
perfect for,perfect_for
Performance,performance
performance,performance
performances,performance
PEC,performance_enhancing_community
PECs,performance_enhancing_community
Performance Enhance Community,performance_enhancing_community
Performance Enhancing Communities,performance_enhancing_community
Performance enhancing communities,performance_enhancing_community
performance enhancing communities,performance_enhancing_community
Performance Support,performance_support
Performance Support ,performance_support
Performance support ,performance_support
performance support ,performance_support
periodic system,periodic_table
period tabl,periodic_table
Periodic table,periodic_table
periodic table,periodic_table
permeable membrane,permeable_membrane
personalisation,personalisation
personalise,personalisation
personalised,personalisation
personalising,personalisation
Personalised Concept Identification,personalised_concept_identification
Personalised Concept,personalised_concepts
Personalised concept,personalised_concepts
personalised concept,personalised_concepts
Personalised Concepts,personalised_concepts
Personalised concepts,personalised_concepts
personalised concepts,personalised_concepts
Personalised learn,personalised_learning
personalised learn,personalised_learning
Personalised learning,personalised_learning
personalised learning,personalised_learning
perspective,perspective
perspectives,perspective
phagocytosi,phagocytosis
phagocytosis,phagocytosis
pea,phenylethylamine
phenylethylamine,phenylethylamine
phospholipid,phospholipids
phospholipids,phospholipids
photo,photo
photos,photo
physic teacher,physics_teacher
physical,physical
physically,physical
physics,physics
Physics,physics
PostPhysics,physics
physiology,physiology
pingpong ball,pingpong_ball
pinocytosi,pinocytosis
pinocytosis,pinocytosis
place,place
places,place
Plan,plan
plan,plan
Plans,plan
plans,plan
Planning,plan
planning,plan
plasma membrane,plasma_membrane
plasmolysi,plasmolysis
plasmolysis,plasmolysis
platform,platform
Platform,platform
Platforms,platform
platforms,platform
play,play
Playback,playback
playback,playback
Compaq Ipaq Pocket PC,pocket_pc
pocket PC,pocket_pc
Pocket PC,pocket_pc
point,point
points,point
Polar Defence,polar_defence
polar defence,polar_defence
polar molecule,polar_molecule
Poor,poor
poor,poor
Portugal,portugal
post link,post_link
Postgraduate,postgraduate
postgraduate,postgraduate
poststructuralist,poststructuralist
potential,potential
Potential,potential
Potential Difference,potential_difference
Potential difference,potential_difference
potential difference,potential_difference
potential differences,potential_difference
Potential differences,potential_difference
Potential Differences,potential_difference
Potential Drop,potential_difference
Potential drop,potential_difference
potential drop,potential_difference
potetial difference,potential_difference
Work,potential_difference
work,potential_difference
potential energy,potential_energy
Potential energy,potential_energy
potetial difference,potential_energy
Potential Energy ,potential_energy 
Potential energy ,potential_energy 
potential energy ,potential_energy 
Power,power
power,power
Practials,practicals
practials,practicals
Practicals,practicals
practicals,practicals
Practice,practice
practice,practice
Practice Question,practice_questions
Practice question,practice_questions
practice question,practice_questions
Practice Questions,practice_questions
Practice questions,practice_questions
practice questions,practice_questions
need be more precise,precision_missed
some more detail be have be pretty good,precision_missed
Pre Knowledge,preknowledge
Pre knowledge,preknowledge
pre knowledge,preknowledge
Preknowledge,preknowledge
preknowledge,preknowledge
PreKnowledge,preknowledge
previous learn,preknowledge
Previous learn,preknowledge
Previous learning,preknowledge
previous learning,preknowledge
Planning,preparation
planning,preparation
Preparation,preparation
preparation,preparation
Preparatory Activities,preparation
Preparatory activities,preparation
preparatory activities,preparation
preparatory activity,preparation
Preparatory Activity,preparation
prepared,preparation
prepares,preparation
preparing,preparation
prepare,preparation
present,presentation
presentation,presentation
presented,presentation
presenting,presentation
presents,presentation
press,press
PI,principIe_investigator
PrincipIe Investigator,principIe_investigator
PrincipIe investigator,principIe_investigator
principIe investigator,principIe_investigator
obstacle,problem
obstacles,problem
problem,problem
Problem,problem
problematic,problem
problematical,problem
problems,problem
Problems,problem
Process,process
process,process
Processes,process
processes,process
Processing,process
processing,process
produce,production
produced,production
produces,production
producing,production
Professional,professional
professional,professional
Prof,professor
prof,professor
profile,profile
profiles,profile
programs,program
program,program
Progress,progression
progress,progression
progression,progression
Project,project
project,project
Projects,project
projects,project
Project Manager,project_manager
Project manager,project_manager
project manager,project_manager
properties,property
property,property
proportion,proportion
proportional,proportion
proposal,proposal
proposals,proposal
Protein,protein
protein,protein
Proteins,protein
proteins,protein
protein molecule,protein_molecule
Protein Synthesis,protein_synthesis
Protein synthesis,protein_synthesis
protein synthesis,protein_synthesis
Public,public
public,public
publicly,public
Public Display,public_display
public display,public_display
Public display,public_display
Public Displays,public_display
public space,public_space
public spaces,public_space
pushing,push
pushed,push
quantities,quantity
quantity,quantity
Planned Questions,question
question,question
Question,question
questions,question
Questions,question
quicksilver flash,quicksilver_flash
quote,quote
quotes,quote
Radcliffe,radcliffe_school
Radcliffe School,radcliffe_school
Radcliffe school,radcliffe_school
Range,range
range,range
Ranges,range
ranges,range
ratio,ratio
ratios,ratio
Reacting Mass,reacting_masses
Reacting mass,reacting_masses
reacting mass,reacting_masses
Reacting Masses,reacting_masses
Reacting masses,reacting_masses
reacting masses,reacting_masses
react,reaction
read book,read_book
read,reading
reading,reading
Reading Code,read_code
Reading code,read_code
reading code,read_code
readymade,readymade
readymades,readymade
Recessive Allele,recessive_alleles
Recessive allele,recessive_alleles
recessive allele,recessive_alleles
Recessive Alleles,recessive_alleles
Recessive alleles,recessive_alleles
recessive alleles,recessive_alleles
recommend,recommendation
recommendation,recommendation
recommended,recommendation
recommender,recommendation
recommends,recommendation
recommender system,recommender_system
Reconstitutive,reconstitutive
reconstitutive,reconstitutive
record,record
recorded,record
recorder,record
recording,record
records,record
Recorded audio,recorded_audio
recorded audio,recorded_audio
recorder,recorder
Red Cell,red_cell
Red cell,red_cell
red cell,red_cell
Red Cells,red_cell
Red cells,red_cell
red cells,red_cell
Redundancies,redundancy
redundancies,redundancy
Redundancy,redundancy
redundancy,redundancy
Refining Plan,refining_plans
Refining plan,refining_plans
refining plan,refining_plans
Refining planning,refining_plans
refining planning,refining_plans
Refining Plans,refining_plans
Refining plans,refining_plans
refining plans,refining_plans
reflect,reflection
reflection,reflection
Reflection,reflection
Reflections,reflection
reflections,reflection
reflective,reflection
Reflective,reflection
region,region
regions,region
rel,relation
be relate,relation
relate to,relation
equal,relation
refer,relation
relate,relation
related to,relation
relationship,relation
relationships,relation
relevance,relevant
relevant,relevant
remain constant,remain_constant
renaissance,renaissance
repeat,repetition
repeated,repetition
repeating,repetition
repeats,repetition
repetition,repetition
repetitions,repetition
report,report
reported,report
reports,report
repositories,repository
repository,repository
represent number,represent_number
represent,representation
representation,representation
representations,representation
require,require
require energy,require_energy
RA,research_associate
RAs,research_associate
Research Associate,research_associate
Research associate,research_associate
research associate,research_associate
Research Associates,research_associate
Research associates,research_associate
research associates,research_associate
Researcher,researcher
researcher,researcher
Researchers,researcher
researchers,researcher
Resistance,resistance
resistance,resistance
resistor,resistor
Resource,resource
resource,resource
resources,resource
Resources,resource
RIAS,rias
rias,rias
result,result
results,result
retrospective,retrospective
Retrospectively,retrospective
retrospectively,retrospective
revert,reverting
reverted,reverting
reverting,reverting
reverts,reverting
Review,review
review,review
Reviews,review
reviews,review
review goal,review_goal
RFID,rfid
RAI,rias
RAIS,rias
Rhein Ruhr Institute,rias
RheinRuhr Institute,rias
RIA,rias
Risk,risk
risk,risk
Risks,risk
risks,risk
ritual,ritual
ritualised,ritual
ritualized,ritual
rituals,ritual
rote,ritual
Ritual Knowledge,ritual_knowledge
Ritual knowledge,ritual_knowledge
ritual knowledge,ritual_knowledge
Ribonucleic Acid,rna
Ribonucleic acid,rna
ribonucleic acid,rna
RNA,rna
rna,rna
Role Reversal,role_reversal
Role reversal,role_reversal
role reversal,role_reversal
Role Reversal Lesson,role_reversal_lessons
Role Reversal Lessons,role_reversal_lessons
learn by rote,rote_learning
learnt by rote,rote_learning
rote learning,rote_learning
route,route
Rule,rule
rule,rule
Rules,rule
rules,rule
khan man,sal_khan
mr khan,sal_khan
sal khan,sal_khan
salman khan,sal_khan
sample,sample
samples,sample
save me,help_needed
scale,scale
scales,scale
scenario,scenario
scenarios,scenario
formula,schema
schedule,schema
schema,schema
schemata,schema
schemes,schema
School,school
school,school
School Public,school_public
school site,school_site
Schoolnet,schoolnet
schoolnet,schoolnet
Scicnce,science
science,science
Science,science
sciences,science
Sciences,science
scientific,science
science teacher,science_teacher
Scientific,science
scientific background,scientific_background
Scientific concept,scientific_concepts
scientific concept,scientific_concepts
Scientific concepts,scientific_concepts
scientific concepts,scientific_concepts
scientific education,scientific_education
Scientific method,scientific_method
scientific method,scientific_method
Scientific methods,scientific_method
scientific methods,scientific_method
scientific notation,scientific_notation
scientific use,scientific_use
Scientific use,scientific_use
scientist,researcher
scientists,researcher
large screen,screen
screen,screen
screenshot,screenshot
Screenshot,screenshot
search konstantino,search_konstantino
second,second
seconds,second
Section of Gene,section_of_gene
Section of gene,section_of_gene
section of gene,section_of_gene
Sections of Gene,section_of_gene
Sections of gene,section_of_gene
sections of gene,section_of_gene
Sections of Genes,section_of_gene
Sections of genes,section_of_gene
sections of genes,section_of_gene
Seek,seek
seek,seek
select,selection
selected,selection
selection,selection
selects,selection
Semantic,semantic
semantic,semantic
semantic analysis,semantic_analysis
semi permeable,semipermeable
semipermeable,semipermeable
semipermiable,semipermeable
semipermeable membrane,semipermeable_membrane
semipermiable membrane,semipermeable_membrane
doesnt sense,senseless
sensor,sensor
sensors,sensor
Separation,separation
separation,separation
Separations,separation
separations,separation
series,series
Series ,series
Session,session
session,session
Sessions,session
sessions,session
setting,setting
settings,setting
shape,shape
shapes,shape
share,sharing
shared,sharing
shares,sharing
sharing,sharing
shift,shift
side,side
sides,side
Siemen,siemens
Siemens,siemens
silly,silly
be simple,simple
be very simple,simple
best video simplicity,simple
concise,simple
easier,simple
easier to,simple
easili,simple
easy,simple
fairly simple,simple
much easier,simple
much easy,simple
simple,simple
simpli,simple
simply,simple
so easy,simple
so simple,simple
uncomplicated,simple
very basic,simple
very simple,simple
with something simple,simple
Situate Display,situated_display
situate display,situated_display
Situated Display,situated_display
Situated display,situated_display
situated display,situated_display
Situated Displays,situated_display
Situated displays,situated_display
situated displays,situated_display
situation,situation
situations,situation
size,size
skill,skill
skills,skill
Slope,slope
slope,slope
Slopes,slope
slopes,slope
soak,soaking
soaking,soaking
soaks,soaking
social,social
Social Anthropology,social_anthropology
Social anthropology,social_anthropology
social anthropology,social_anthropology
social media,social_media
Social Media,social_media
social medium,social_media
Social Network,social_network
social network,social_network
Social Networks,social_network
social networks,social_network
Social Network Analysis,social_network_analysis
social network analysis,social_network_analysis
Social Council,social_research_council 
Social Research Council ,social_research_council 
Social Studies,social_studies
Social studies,social_studies
social studies,social_studies
sodium atom,sodium_atom
nacl,sodium_chloride
NaCl,sodium_chloride
soliton,solution
soluitin,solution
Solution,solution
solution,solution
Solutions,solution
solutions,solution
solutoin,solution
souliton,solution
unique solution,solution
solution increase,solution_increase
solvent increase,solvent_increase
Sound,sound
sound,sound
Sounds,sound
sounds,sound
sound turn,sound_turn
sound wave,sound_wave
Source,source
source,source
Sources,source
sources,source
south africa,south_africa
Space,space
space,space
Spaces,space
spaces,space
Spain ,spain 
spanish,spain 
speak,speak
spoken,speak
spare time,spare_time
sparetime,spare_time
specialised,specialism
specialism,specialism
specialized,specialism
spell mistake,spell_mistake
spell mistakes,spell_mistake
spelling mistake,spell_mistake
spelling mistakes,spell_mistake
sport,sports
sporting,sports
sporting context,sports
sporting contexts,sports
sports,sports
sports science,sports
sportsrelated knowledge,sports
Sprite,sprite
sprite,sprite
Sprites,sprite
sprites,sprite
square,square
squared,square
St Paul,st_paul_catholic_school
St Paul Catholic School,st_paul_catholic_school
Stage,stage
stage,stage
Stages,stage
stages,stage
stakeholder,stakeholder
Stakeholder,stakeholder
stakeholders,stakeholder
Stakeholders,stakeholder
standard measure,standard_measure
start point,starting_point
start,starting
Starting,starting
starting,starting
starts,starting
State of the art,stateoftheart
state of the art,stateoftheart
Stateofart,stateoftheart
stateofart,stateoftheart
Stateoftheart,stateoftheart
stateoftheart,stateoftheart
statistic,statistics
statistical,statistics
statistically,statistics
statistics,statistics
Science Technology Engineering Mathematic,stem
Science Technology Engineering Mathematics,stem
STEM,stem
stoicheometric equasion,stoicheometric_equasion
stop,stopping
Stop,stopping
Stopping,stopping
stopping,stopping
Stops,stopping
stops,stopping
Strategies,strategy
strategies,strategy
Strategy,strategy
strategy,strategy
stream,stream
streamed,stream
streaming,stream
streams,stream
very strike,striking
stroke,stroke
individual learner,student
learner,student
learners,student
student,student
Student,student
students,student
Students,student
Inthewild study,study
studied,study
Studies,study
studies,study
Study,study
study,study
study guide,study_guide
Stumble block,stumbling_block
stumble block,stumbling_block
Stumble blocks,stumbling_block
stumble blocks,stumbling_block
Stumbling block,stumbling_block
stumbling block,stumbling_block
Stumbling blocks,stumbling_block
stumbling blocks,stumbling_block
subject,subject
subjects,subject
substanc,substance
substance,substance
substances,substance
very substantiated,substantiated
substitute,substitution
substitution,substitution
sugar,sugar
suger,sugar
sugar molecule,sugar_molecule
sugar molecules,sugar_molecule
sulfur atom,sulfur_atom
sulfuric acid,sulfuric_acid
Sulfuric acid,sulfuric_acid
sulphuric acid,sulfuric_acid
support,support
Support,support
supported,support
Supporting,support
supporting,support
supportive,support
supports,support
surely,surely
surface,surface
surfaces,surface
Sustainability science,sustainability_science
sustainability science,sustainability_science
Sustainability sciences,sustainability_science
sustainability sciences,sustainability_science
Sweden,sweden
Swedish,sweden
switch,switch
symbols,symbol
symbol,symbol
switches,switch
synchronised,synchronous
synchronous,synchronous
Synchronous,synchronous
synchronously,synchronous
syntax,syntax
Syntax,syntax
System,system
system,system
Systems,system
systems,system
system architecture,system_architecture
system develop,system_development
system development,system_development
Table,table
table,table
Tables,table
tables,table
Tablet,tablet
tablet,tablet
Tablets,tablet
tablets,tablet
Tacit Knowledge,tacit_knowledge
Tacit knowledge,tacit_knowledge
tacit knowledge,tacit_knowledge
Tag,tag
tag,tag
Tags,tag
tags,tag
Tangible,tangible
tangible,tangible
Target,target
target,target
Task,task
task,task
Tasks,task
tasks,task
teaches,teach
teached,teach
teaching,teach
Taxonomies,taxonomy
taxonomies,taxonomy
Taxonomy,taxonomy
taxonomy,taxonomy
educator,teacher
educators,teacher
guide,teacher
guides,teacher
professor,teacher
teacher,teacher
Teacher,teacher
teachers,teacher
Teachers,teacher
teachersacross,teacher
teacher suck,teacher_sucks
teach,teach
teaching activity,teach
teaching mode,teach
Teaching Learning Environment,teaching_learning_environment
teaching learning environment,teaching_learning_environment
TeachingLearning Environment,teaching_learning_environment
teachinglearning environment,teaching_learning_environment
very technical,technical
technical support,technical_support
Technique,technique
technique,technique
Techniques,technique
techniques,technique
andtechnological,technology
technical,technology
Technical,technology
technically,technology
technological,technology
Technological,technology
technologically,technology
technologies,technology
Technologies,technology
technology,technology
Technology,technology
technologylearning,technology
Technologies Artefact,technology_artefact
technologies artefact,technology_artefact
Technologies Artefacts,technology_artefact
technologies artefacts,technology_artefact
Technology Artefact,technology_artefact
technology artefact,technology_artefact
Technology Artefacts,technology_artefact
technology artefacts,technology_artefact
Technology Enhanced Learn,technology_enhanced_learning
Technology Enhanced Learning,technology_enhanced_learning
TechnologyEnhanced Learn,technology_enhanced_learning
TechnologyEnhanced Learning,technology_enhanced_learning
TED,ted
Teleological thinking,teleological_thinking
teleological thinking,teleological_thinking
teleological ,teleology
Teleological ,teleology
Teleology,teleology
teleology,teleology
equal temperament,temperament
temperament,temperament
temp,temperature
temperature,temperature
temperatures,temperature
Temperature Gradient,temperature_gradient
temperature gradient,temperature_gradient
TEN competence project,ten_competence_project
TENcompetence project,ten_competence_project
TENcompetenceproject,ten_competence_project
Term,term
term,term
Terms,term
terms,term
Terminologies,terminology
terminologies,terminology
Terminology,terminology
terminology,terminology
exam,test
Test,test
test,test
Testing,test
testing,test
Tests,test
tests,test
text,text
texts,text
text book,textbook
text also think help understand well,text_missed
text use be necessary,text_missed
thank,thanks
thank so much,thanks
thank you,thanks
thank you so much,thanks
thankyou,thanks
thankyou so much,thanks
thnx,thanks
thx,thanks
Theorem,theorem
theorem,theorem
Theorems,theorem
theorems,theorem
Theories,theory
theories,theory
Theory,theory
theory,theory
ThÈveniní s theorem,thevenins_theorem
Thvenin s theorem,thevenins_theorem
Thvenins theorem,thevenins_theorem
things,thing
thing,thing
think,think
thinking,think
thinks,think
thought,think
threshold,threshold
Threshold,threshold
thresholds,threshold
TC,threshold_concept
TCs,threshold_concept
THRESHOLD CONCEPT,threshold_concept
Threshold concept,threshold_concept
threshold concept,threshold_concept
Threshold Concept,threshold_concept
THRESHOLD CONCEPTS,threshold_concept
Threshold concepts,threshold_concept
threshold concepts,threshold_concept
Threshold Concepts,threshold_concept
time,time
times,time
timeconsuming,timeconsuming
Titration,titration
titration,titration
do not distract from idea,to_the_point
no frill straight point,to_the_point
very complete,to_the_point
token,token
tokens,token
too explanatory,too_explanatory
avoid tempo higher,too_fast
be give tad longer ,too_fast
both read image tide passe behind can not be aware everything,too_fast
go somewhat fast,too_fast
not enough time read,too_fast
not enough time read image,too_fast
too fast,too_fast
very fast,too_fast
with tad less speed just look great,too_fast
be have be better shorter,too_long
too long,too_long
be too many example,too_many_examples
numerous example,too_many_examples
image be very load,too_many_images
excessive use code do not like much ,too_much_code
perhaps get bite less code,too_much_code
there be too much code,too_much_code
too much code,too_much_code
without use code understand video better,too_much_code
remove some explanatory sign,too_much_explanation
be too much text,too_much_text
final text could have be summarize,too_much_text
have lot text,too_much_text
how quickly text,too_much_text
much text,too_much_text
perhaps many letter,too_much_text
perhaps there be too much text,too_much_text
there be lot text,too_much_text
there be too much text,too_much_text
there may be too many letter ,too_much_text
too final text,too_much_text
too much lyric,too_much_text
too much text,too_much_text
with less text,too_much_text
be bite short ,too_short
little short,too_short
maybe little short,too_short
perhaps little short,too_short
be bite slow,too_slow
be rather slow,too_slow
go very slowly,too_slow
little faster,too_slow
little slow,too_slow
scene be bite slow,too_slow
seem somewhat slow,too_slow
seem too slow,too_slow
some scene slowly,too_slow
be quite theorist,too_theoretical
some thing too theoretical,too_theoretical
too much explanation,too_theoretical
too theoretical,too_theoretical
very explanatory,too_theoretical
edit tool,tool
learn tool,tool
tool,tool
tools,tool
top,top
Topic,topic
topic,topic
Topics,topic
topics,topic
total number,total_number
Touchtable,touchtable
touchtable,touchtable
Touchtables,touchtable
touchtables,touchtable
trace,trace
Transcript,transcription
transcript,transcription
Transcription,transcription
transcription,transcription
Transcriptions,transcription
transcriptions,transcription
Transcripts,transcription
transcripts,transcription
transfer,transfer
Transfer,transfer
transform,transformation
Transformative,transformation
transformative,transformation
transport,transport
Transport,transport
transportation,transport
Transports,transport
transports,transport
travel,traveling
traveled,traveling
traveling,traveling
travels,traveling
TROUBLESOME KNOWLEDGE,troublesome_knowledge
Troublesome Knowledge,troublesome_knowledge
Troublesome knowledge,troublesome_knowledge
troublesome knowledge,troublesome_knowledge
Troublesome Language,troublesome_language
Troublesome language,troublesome_language
troublesome language,troublesome_language
Troublesome Topic,troublesome_topic
Troublesome topic,troublesome_topic
troublesome topic,troublesome_topic
Troublesome Topics,troublesome_topic
Troublesome topics,troublesome_topic
troublesome topics,troublesome_topic
Troublesome,troublesomeness
troublesome,troublesomeness
troublesomeness,troublesomeness
tuning strings,tuning_strings
tuning system,tuning_system
tuning systems,tuning_system
turn,turning
turned,turning
turning,turning
turns,turning
tutor,tutor
tutors,tutor
type,type
Type,type
Typed,type
typed,type
types,type
Types,type
Tzikopoulo,Tzikopoulo
u rock,u_rock
ubiquitous,ubiquitous
Ueda,ueda
great britain,uk
Great Britain,uk
UK,uk
UMINHO,uminho
Universidade do Minho,uminho
be not clear,unclear
be not clear ,unclear
be not quite clear,unclear
be not very clear concept,unclear
be unclear,unclear
could have do little clearer,unclear
do not entirely clear concept,unclear
doe not leave very clear,unclear
not clear enough,unclear
unclear,unclear
Undergraduate,undergraduate
undergraduate,undergraduate
Undergraduate Course,undergraduate_course
Underpinning,underpinning
underpinning,underpinning
get it,do_understand
be easy understand,understandable
be fairly well understand,understandable
be get understand well,understandable
be understand,understandable
be understand perfectly,do_understand
be understand quite clearly what mean,do_understand
be understand quite well,do_understand
be understand without problem,do_understand
be well understand,do_understand
can assimilate quickly,do_understand
can grasp idea easily,do_understand
can understand well,do_understand
clearly understand concept,do_understand
content be clear,do_understand
do help understand,understandable
easy understand,understandable
easy understand,do_understand
enough understand,understandable
facilitate understand,understandable
good understand,understandable
ive take concept,do_understand
more less understand,do_understand
not difficult understand,do_understand
perfectly understandable,do_understand
still think be understand,do_understand
understand,understanding
understand quite clear,do_understand
understand quite well,do_understand
understand quite well what want explain,do_understand
understand very well,do_understand
understand well,do_understand
understand what want explain,do_understand
understandable,understandable
well understand,do_understand
deeper understand,understanding
deeper understanding,understanding
develop understand,understanding
develop understanding,understanding
tounderstanding,understanding
Understand,understanding
understanding,understanding
understands,understanding
understood,understanding
undestanding,understanding
unit,unit
units,unit
unit of measure ,unit_of_measure 
Unit of measure ,unit_of_measure 
unit of Measure ,unit_of_measure 
Unit of Measure ,unit_of_measure 
unit of measures,unit_of_measure 
Unit of measures,unit_of_measure 
unit of Measures,unit_of_measure 
Unit of Measures,unit_of_measure 
Universities,university
universities,university
University,university
university,university
unlearned,unlearned
Universidad Rey Juan Carlos,urjc
URJC,urjc
usage,usage
use,usage
used,usage
uses,usage
usage model,usage_model
USB,usb
make sense,useful
system user,user
system users,user
User,user
user,user
users,user
Users,user
content creation,user_generated_content
User Generated Content,user_generated_content
user generated content,user_generated_content
UserGenerated Content,user_generated_content
usergenerated content,user_generated_content
ID,user_id
IDs,user_id
user ID,user_id
user IDs,user_id
valu,value
Variable,variable
variable,variable
Variables,variable
variables,variable
very nice,very_nice
Clip,video
clip,video
Clips,video
clips,video
online video,video
vid,video
video,video
Video,video
video content,video
video edit,video_edit
Video Edit,video_edit
video maker,video_maker
video stream,video_stream
view,view
ViewPort,viewport
Viewport,viewport
Vocabulary,vocabulary
vocabulary,vocabulary
add voice,voice_over_missed
only be ad be be voice,voice_over_missed
Volt,volt
volt,volt
Volts,volt
volts,volt
V,voltage
Voltage,voltage
voltage,voltage
volum,volume
Volume,volume
volume,volume
Wall,wall
watch homework,watch_homework
watch video,watch_video
WatchKnowLearn,watchknowlearn
free water,water
H2o,water
H2O,water
water,water
Water,water
water concentration,water_concentration
water inside,water_inside
water molecul,water_molecule
water molecule,water_molecule
way,way
ways,way
Web,web
web,web
web space,web_space
Web Space,web_space
Web space,web_space
webspace,web_space
Web Technology,web_technology
Web technology,web_technology
web technology,web_technology
Website,website
website,website
Websites,website
websites,website
Wed,wednesday 
wed,wednesday 
Wednesday ,wednesday 
wednesday ,wednesday 
weigh,weight
weight,weight
wtf,what_the_fuck
Wheeler,Wheeler
Wheelers,Wheeler
White,white
white,white
White Cell,white_cell
White cell,white_cell
white cell,white_cell
White Cells,white_cell
White cells,white_cell
white cells,white_cell
Whiteboard,whiteboard
whiteboard,whiteboard
Whiteboards,whiteboard
whiteboards,whiteboard
Wiki,wiki
WIKI,wiki
wiki,wiki
Wikipedia,wikipedia
wikipedia,wikipedia
Window Movie,window_movie
wireless,wireless
WLAN,wlan
Work,work
work,work
worked,work
working,work
works,work
Work Package,work_package
work package,work_package
Work Packages,work_package
work packages,work_package
WP,work_package
wp,work_package
workplace,workplace
followon workshop,workshop
Workshop,workshop
workshop,workshop
Workshop Format,workshop
Workshop format,workshop
workshop format,workshop
Workshops,workshop
workshops,workshop
Workshop Format,workshop_format
workshop Format,workshop_format
Workshop format,workshop_format
workshop format,workshop_format
world,world
worry,worry
do not worry,dont_worry
don t worry,dont_worry
WRITE,writing
write,writing
writes,writing
written,writing
wrote,writing
wrotes,writing
Yahoo,yahoo
yahoo,yahoo
Yay,yeah
yay,yeah
Yea,yeah
yea,yeah
Yeap,yeah
yeap,yeah
Yep,yeah
yep,yeah
you know,you_know
year ago,year_ago
you be awesome,you_are_awesome
youre awesome,you_are_awesome
you are awesome,you_are_awesome
Youtube,youtube
youtube,youtube
YouTube,youtube
atomic mass,atomic_mass
